Event ID,Event Name,Date,Time,Location,Max Capacity,Current Attendance,Organizer ID
108fe247-a566-47ca-8727-8e68468a1e70,Python Programming Workshop,2024-12-15,14:00,Computer Lab A,30,1,98dfb9f4-d604-44ca-91a6-7b6834d2ffe3
0f93d3a4-177c-4eff-953b-fdaeefc937c9,Data Science Seminar,2024-12-20,10:00,Conference Room B,50,1,98dfb9f4-d604-44ca-91a6-7b6834d2ffe3
6e4ef313-e0a7-4b7f-be45-bf75cb9eed13,Web Development Bootcamp,2024-12-25,09:00,Tech Center,25,25,98dfb9f4-d604-44ca-91a6-7b6834d2ffe3
5ee20aa4-f72a-454d-b21c-01877584af59,fpt AI,2024-12-15,14:30,gramma,100,0,797121b0-aeec-4c99-9b2b-63607e09ae6d
f9ac4e70-764f-417f-8cc5-cf68167e16c8,FPT AI Summit,2024-12-15,14:30,FPT University HCM,100,0,797121b0-aeec-4c99-9b2b-63607e09ae6d
